{
    "flute": [
        "flute",
        "flutes",
        "fl",
        "flute/piccolo",
        "fl/picc",
        "piccolo-flute",
        "piccolo flute"
    ],
    "piccolo": [
        "piccolo",
        "picc",
        "piccs"
    ],
    "clarinet": [
        "Bb clarinet",
        "bb clarinet",
        "clarinet",
        "clarinets",
        "nets",
        "net"
    ],
    "alto saxophone": [
        "alto",
        "altos",
        "alto sax",
        "alto saxophone"
    ],
    "tenor saxophone": [
        "tenorsax",
        "tenor sax",
        "tenor saxophone",
        "tenor"
    ],
    "baritone saxophone": [
        "baritone saxophone",
        "barisax",
        "baritone sax",
        "bari sax",
        "bari",
        "bari saxophone"
    ],
    "trumpet": [
        "Bb trumpet",
        "bb trumpet",
        "trumpet",
        "trumpets",
        "tpt",
        "tpts"
    ],
    "mellophone": [
        "mellophone",
        "french horn",
        "mellophone bugle",
        "mello"
    ],
    "trombone": [
        "trombone",
        "tb",
        "bone",
        "tbone"
    ],
    "baritone bc": [
        "baritone",
        "bc baritone",
        "baritonebc",
        "baritone horn",
        "euphonium",
        "bar",
        "baritone bc",
        "marching baritone"
    ],
    "baritone tc": [
        "baritone tc",
        "baritonetc"
    ],
    "sousaphone": [
        "sousaphone",
        "sousie",
        "tuba",
        "sousies"
    ],
    "glockenspiel": [
        "glockenspiel",
        "glock",
        "glocks"
    ],
    "snare drum": [
        "snare",
        "snare drum",
        "snares"
    ],
    "tenor drum": [
        "quads",
        "quad",
        "quad drums",
        "tenor drum",
        "tenor drums",
        "tenors"
    ],
    "bass drum": [
        "basses",
        "bass drum",
        "bass drums",
        "bass"
    ],
    "cymbal": [
        "cymbal",
        "cymbals",
        "cym"
    ],
    "electric bass": [
        "electric bass"
    ],
    "xylophone": [
        "xylophone"
    ],
    "aux perc": [
        "auxillary",
        "aux perc",
        "auxillary percussion",
        "aux percussion"
    ],
    "score": [
        "score"
    ]
}